Trip,High_Consumption,Energy_per_km,Season,Distance,Velocity_mean,Velocity_max,Velocity_std,Pct_Stationary,Pct_City,Pct_Highway,Pct_Braking,Pct_Accelerating,Pct_Regen,Throttle_mean,Torque_mean,Accel_std,SoC_start,SoC_end,Battery_Temp_mean,Battery_Voltage_mean,Battery_Current_mean,Power_mean,Power_min,Ambient_Temp,Climate_Power_mean,Heating_Active_Pct,AC_Active_Pct,Temp_Diff_mean,Cabin_Temp_mean,Elevation_mean,Elevation_Change_std,Elevation_gain,SoC_Drop,Duration_min,Date,Route/Area,Weather,Distance km,Ambient Temperature (Start) C,Target Cabin Temperature
TripA01,1,0.15186417879374253,Summer,7.42768972222222,26.502170465807733,53.3,15.497032054699728,0.11238850346878097,0.8716551040634292,0.0,0.18731417244796827,0.20366699702675917,0.11942517343904856,26.470424182358773,8.106545094152626,0.7416694922180534,86.9,81.5,21.940140733399403,388.4839960356789,-11.953475718533202,-4.599702953389494,-38.454309,30.769972249752232,1.6532913776015856,0.008523290386521309,0.9369672943508425,-6.862914767096134,23.907057482656096,566.7916253716551,0.004690566320266672,7.0,5.400000000000006,16.815,2019-06-25_13-21-14,Munich East,sunny,7.42768972222222,25.5,23.0
TripA02,0,0.10395704951829995,Summer,23.5097091666667,59.90926680820948,132.7,32.86805945393293,0.0,0.5157820240622788,0.30148619957537154,0.19766454352441615,0.2121726822363765,0.1221514508138712,34.004456475583865,10.324760084925689,0.7905617826096585,80.3,67.3,24.97295966029724,381.5538365180467,-20.3847381457891,-7.477186430601558,-103.55983439999999,31.127573248407643,0.5087062986553432,0.011748053786270347,0.3491861288039632,-9.229142958244868,21.898430290162775,561.7211514508139,0.00784827296947259,19.0,13.0,23.548333333333336,2019-06-25_14-05-31,Munich East,sunny,23.5097091666667,32.0,23.0
TripA03,0,0.12317439787623659,Summer,12.8208461111111,68.82649269311065,143.82,38.04722886487951,0.03250820161049806,0.33626603042051895,0.3455114822546973,0.14926931106471816,0.1504622725917089,0.062332239785266925,34.60188487921264,12.101808827915299,0.6528824480998745,83.5,75.1,25.100571130331044,384.5481195943931,-27.917230838055474,-10.492121213927826,-111.31468770000001,23.33491649269311,1.8739934387116015,1.0,0.3733969579481062,1.5689994035192372,24.903915896212347,578.9355666567253,0.005219894122759915,13.0,8.400000000000006,11.175,2019-06-28_10-02-15,Munich East,sunny,12.8208461111111,21.5,27.0
TripA04,1,0.1472105586247005,Summer,10.7274913888889,93.64541464597478,136.94,41.69304722144326,0.08826382153249272,0.10063045586808923,0.7580019398642095,0.10208535402521823,0.1636760426770126,0.04510184287099903,37.62478419010669,17.73911251212415,0.7018307486628828,75.1,66.7,26.817953443258972,377.7678734238603,-45.05682832201745,-16.58604196483996,-127.759607,24.42395732298739,0.6178903976721629,0.07419980601357905,0.0497090203685742,-2.2575678952473326,22.166389427740057,582.0,0.0,0.0,8.399999999999991,6.871666666666667,2019-06-28_10-13-30,Munich East,sunny,10.7274913888889,24.0,22.0
TripA05,0,0.0986022726644892,Summer,12.3932234722222,32.64633716250823,80.83,18.15133675986249,0.05721811663130168,0.8006877881027292,0.002707251042657496,0.1709226604229165,0.17165434989390502,0.11341186800321944,29.320499012219216,7.884861344845247,0.7286499282595904,66.7,60.2,27.0,378.8403760883881,-10.593943806248628,-3.962402903014561,-88.5202987,24.587442745298898,1.9953149923172606,1.0,0.00234140630716324,-1.3139994146484226,23.273443330650473,568.9571368991001,0.0045240897411113245,13.0,6.5,22.776666666666664,2019-06-28_10-20-26,Munich East,sunny,12.3932234722222,24.5,24.0
TripA06,0,0.08869956621490245,Summer,45.9934605555555,52.32310254384579,125.88,35.34594238529071,0.04796966345394217,0.4048348870279665,0.24721124980249645,0.09277927002686048,0.09021962395323116,0.03684626323273819,31.518960025280453,7.524793806288513,0.47920092527191754,85.1,63.4,26.66291294043293,384.4749698214568,-15.050014536261653,-5.71395680275873,-106.0136466,30.183234318217725,5.945363248538474,1.0,0.9043450782114079,-3.765975035550639,26.41725928266709,517.0825640701532,0.004703585293062678,0.0,21.699999999999996,52.74,2019-07-01_09-05-25,Munich North,sunny,45.9934605555555,26.5,26.0
TripA07,0,0.12381835125807249,Summer,44.3359158333333,76.24785506138633,133.29,33.69871472122658,0.013758180862752592,0.20809248554913296,0.4475708211914202,0.07619548081975827,0.08866383222662781,0.016576697081163713,37.7827425595949,12.634701667224002,0.4481035046139346,63.4,34.2,30.62314718387235,367.2778163665027,-30.931805761238238,-11.265101669120527,-106.10893800000001,29.168126403286678,1.332594468064778,0.024984474275068076,0.9680886638322266,1.4594262647494396,30.627552668036117,528.4468021783787,0.007669536788326716,103.0,29.199999999999996,34.88666666666666,2019-07-01_12-59-48,Munich North,sunny,44.3359158333333,33.5,25.0
TripA08,0,0.10829120706988073,Summer,18.2286268055556,23.387536262874658,108.02,26.485408439425928,0.26013043943119857,0.5789586229017427,0.04023664421397769,0.15495919312876438,0.14120246623186855,0.08638939377739763,18.652408139990733,5.8860276560105484,0.6723655651709002,86.6,76.1,26.430538151751666,388.3655048291101,-8.250518550197796,-3.142880656559393,-96.85985679999999,27.53847998859546,0.9435934994119534,0.07010228447200542,0.33543604547560496,-0.19090202786984475,27.347577960725616,549.9079657151003,0.004037136354870219,2.0,10.5,46.763333333333335,2019-07-02_17-36-31,Munich East,slightly cloudy,18.2286268055556,27.0,25.0
TripA09,0,0.0983426169515197,Summer,11.6612719444444,22.885182621020498,56.25,16.12048402364634,0.1136611426079372,0.8692215438290449,0.0,0.12559965111208024,0.1591801133885739,0.06127344090710859,25.672074247710423,9.327553968600087,0.6305777004449076,74.7,68.6,22.0,384.73400239860445,-7.368554840819886,-2.8120641923353684,-50.33528,18.11106138246838,0.32236807675534235,0.05287832533798517,0.019188835586567816,3.3643382032272138,21.475399585695595,539.621897623201,0.0037950114080106496,32.0,6.1000000000000085,30.571666666666665,2019-07-03_08-05-00,Munich East,slightly cloudy,11.6612719444444,17.5,21.0
TripA10,0,0.10067704671019613,Summer,16.2460069444444,41.25678964446953,89.39,24.14506771603904,0.02863995485327314,0.5122742663656885,0.008112302483069978,0.11293735891647856,0.1100451467268623,0.045146726862302484,31.854361597065463,9.259578865688487,0.5583946540827716,69.6,60.9,22.642701044018057,378.64362584650115,-13.690155897291197,-5.130303546388261,-87.7633176,23.99351650677201,0.6516337471783296,0.06877821670428894,0.20612302483069977,3.5386822799097075,27.532198786681718,560.2390166478555,0.004693902155222277,31.0,8.699999999999996,23.625,2019-07-03_12-16-12,Munich East,slightly cloudy,16.2460069444444,22.5,25.0
TripA11,0,0.12086788824717616,Summer,17.7317568055556,44.8118259038259,106.66,31.04418328713443,0.11189891189891189,0.4939276939276939,0.1797823797823798,0.19326079326079326,0.13085293085293084,0.09820989820989821,20.455608985608986,7.887800631800632,0.7357241634885744,87.0,75.6,27.051700947700947,386.5476447876448,-17.69799297999298,-6.71021450886627,-125.76434079999999,27.78451807651808,1.0245314145314146,0.008424008424008424,0.9001755001755002,4.9545686205686215,32.7390866970867,597.0501614601615,0.011890119743926255,71.0,11.400000000000006,23.740000000000002,2019-07-04_15-09-22,Munich East,sunny,17.7317568055556,30.0,30.0
TripA12,0,0.11287718145253786,Summer,18.6539030555556,40.98765197753906,119.52,27.433543958539143,0.1102294921875,0.50372314453125,0.0653076171875,0.15997314453125,0.18951416015625,0.09881591796875,26.291561889648438,10.507681884765624,0.8301443604018609,75.5,64.3,28.550003662109376,382.2901837158203,-15.20483154296875,-5.667218103442383,-140.4904418,27.899703979492188,0.8273614501953125,0.0125732421875,0.723876953125,-1.4300360107421868,26.469667968750002,609.247338256836,0.015116461983555023,84.99000000000001,11.200000000000003,27.305,2019-07-04_15-51-48,Munich East,sunny,18.6539030555556,26.5,25.0
TripA13,0,0.10688859478381131,Summer,4.57298555555556,22.992664804469275,49.31,14.585743947152725,0.07094972067039106,0.9290502793296089,0.0,0.17458100558659218,0.1574022346368715,0.07360335195530726,26.23717458100559,7.119498603351955,0.6053576051214061,85.8,82.9,22.0,389.66362150837983,-8.98244972067039,-3.475531917444134,-34.4895579,21.8199343575419,1.7271648044692738,1.0,0.01941340782122905,2.9511382681564253,24.771072625698324,570.2185460893854,0.00384853470578448,1.0,2.8999999999999915,11.931666666666667,2019-07-05_09-02-55,Munich East,sunny,4.57298555555556,21.0,23.0
TripA14,0,0.11059355061407858,Summer,4.92976305555556,25.550168442268934,60.5,15.8459851944358,0.025338324215375754,0.952202706593723,0.0,0.1546213648142816,0.1934926576446876,0.06017852001151742,28.043400518283903,11.439854592571264,0.6388655899391008,82.8,79.9,22.0,387.8539188021883,-9.30408580477973,-3.5736429601929167,-44.043129,22.902948459545062,0.6360754391016413,0.05686726173337173,0.38482579902101927,0.2534134753815151,23.156361934926576,570.8466153181687,0.0036510874363017433,11.0,2.8999999999999915,11.575,2019-07-05_09-18-22,Munich East,sunny,4.92976305555556,24.5,22.0
TripA15,0,0.07945575845479087,Summer,26.97350125,43.451485591551815,111.14,33.252396133624394,0.16305709683193126,0.3552890638983354,0.15057275818865223,0.09244675138714874,0.0983085734741364,0.049131913370323965,27.521293180597816,7.542434669769106,0.5313165525608664,74.8,63.4,18.018173438339,381.13573339896186,-11.391849829962412,-4.294456009110435,-49.480550900000004,18.556670395561124,0.13817925541435475,0.011276176839090747,0.023357794880973688,5.472113835689996,24.02878423125112,541.8943775729372,0.006135508662865528,28.549999999999955,11.399999999999999,37.245,2019-07-08_12-19-56,Munich East,rainy,26.97350125,19.0,23.0
TripA16,0,0.07506527053159126,Summer,28.8016013888889,54.38254746669464,116.03,26.16072591885774,0.054442463023182626,0.2803944193852932,0.1401972096926466,0.07411098290150005,0.07982796601279765,0.033148012168257635,34.64810657715305,10.711149166054756,0.4719606488287872,63.0,46.8,19.069551557746774,372.180595300535,-18.851208433861323,-6.9501997247613545,-48.524328000000004,18.00177488723382,0.14627609356970525,0.009860484632329802,0.022500786740795132,4.532312493443827,22.534087380677647,543.7714150844436,0.004962805609184251,58.0,16.200000000000003,31.775,2019-07-08_13-17-32,Munich East,rainy,28.8016013888889,19.5,23.0
TripA17,0,0.12899726498223502,Summer,12.9708176388889,69.82944070584716,130.71,37.562471319742244,0.039030955585464336,0.3276506654703155,0.5005234036189622,0.14131897711978467,0.1383280992971437,0.05697622252131,35.05212800957081,12.578034993270526,0.6498422433470878,86.8,77.9,17.558271272618516,383.8910557798714,-29.53055630327501,-11.087873232510841,-112.644,15.84430536862569,0.37059069836997155,0.05308808135187677,0.09092268580828473,8.701214296395992,24.545519665021686,581.240303574099,0.003566504418488043,10.0,8.899999999999991,11.143333333333334,2019-07-09_09-37-58,Munich East,slightly cloudy,12.9708176388889,15.5,25.0
TripA18,0,0.1187735701730321,Summer,12.1878966666667,49.814291553133515,131.7,41.78003953506547,0.24772933696639418,0.2658946412352407,0.24704813805631246,0.09355131698455948,0.12920072661217075,0.037693006357856496,27.22746821071753,10.630373524069029,0.5472386254786573,77.9,70.2,18.579410762942782,381.43161103542235,-19.464131471389646,-7.248140541541781,-88.9774936,16.74627157129882,0.8770220254314259,1.0,0.05801544050862852,9.066975476839238,25.81324704813806,569.7812534059946,0.005716856606869071,31.0,7.700000000000003,14.678333333333335,2019-07-09_09-49-09,Munich East,slightly cloudy,12.1878966666667,16.0,22.0
TripA19,0,0.09102003797980657,Summer,16.7303819444444,37.937374023683546,108.63,26.11464455356293,0.11671705719324767,0.5465482489292013,0.06330309901738473,0.17183169564121945,0.1452506928697405,0.062232300327538424,27.873263416477702,8.45820987654321,0.7157917349858253,88.5,80.4,22.0,388.24673910304864,-11.383990929705215,-4.355267005725623,-85.4909937,21.304811035525322,0.5192485512723608,0.03073822121441169,0.1200554295792391,11.545761526832957,32.85057256235827,548.4737018140589,0.004847704309623318,1.0,8.099999999999994,26.458333333333332,2019-07-09_17-48-14,Munich East,slightly cloudy,16.7303819444444,23.5,30.0
TripA20,0,0.12894605976445614,Summer,11.5179944444444,24.11303791579437,56.12,15.47419503646992,0.1166550360548965,0.8734007908816004,0.0,0.14096301465457084,0.15474528960223308,0.055594324261456156,26.601486973714817,9.394364968597348,0.6100686091164056,77.0,69.1,17.0,384.5787398232147,-10.209119562688997,-3.897351382943708,-32.0673982,14.50515643172831,1.1190864154454525,0.8617701791114213,0.0009304489416143289,9.838602000465224,24.343758432193535,537.5861525936265,0.0036294155255899943,25.0,7.900000000000006,28.658333333333335,2019-07-10_08-07-22,Munich East,slightly cloudy,11.5179944444444,14.0,26.0
TripA21,0,0.09975142140801171,Summer,14.3236054166667,26.004880730243585,104.4,23.328484095323205,0.08124464168641889,0.7717484492410106,0.036209592011700036,0.17181905290231478,0.16823843865046145,0.08179938473952292,25.311073679963688,6.530003025871199,0.6904701942903159,71.3,63.7,19.336992788340307,380.7583236673559,-8.499687326642796,-3.167178675530788,-105.990055,23.663533713248274,0.6023627010943567,0.030763023853951285,0.11543698623228604,3.9304690100358073,27.594002723284078,542.0218704927127,0.003960107435709374,5.0,7.599999999999994,33.04666666666667,2019-07-10_16-40-57,Munich East,sunny,14.3236054166667,22.5,22.0
TripA22,0,0.10481708211774438,Summer,19.3708883988889,37.92429749619317,116.30485,30.93279597820813,0.1826734827061127,0.4804763976506417,0.09207091581466173,0.1431912116597781,0.14498586034370242,0.062377637589732436,26.302008933543615,10.332667057319991,0.6978572319748828,87.3,76.5,19.46372606210572,387.48571274526864,-13.112686074070044,-4.980735648120088,-97.33366895894281,16.905200404611705,0.04262780073961279,0.007722427670219708,0.0,3.705666329671525,20.610866734283228,551.1748445437242,0.0040445476963499585,58.99995000000001,10.799999999999997,30.645,2019-07-11_07-48-28,Munich East,sunny,19.3708883988889,17.0,23.0
TripA23,0,0.12368775657900594,Summer,8.35976032388889,28.865468219835027,66.69136,14.41964782722253,0.06493381929790908,0.9044695952426626,0.0,0.1705352004603875,0.16823326299635527,0.04872434298868214,29.159261593132552,9.522624821599846,0.6565685557686332,87.4,81.9,16.88625458852868,388.4450596479954,-11.885932544600038,-4.570520553228057,-40.609055555694404,19.242787362363323,1.3959859399577979,0.38356032994436984,0.12910032610780742,8.706082288509496,27.94886965087282,565.699622373873,0.002437916340260637,8.998590000000036,5.5,17.375,2019-07-12_10-41-36,Munich East,sunny,8.35976032388889,19.5,28.0
TripA24,0,0.12506055597007307,Summer,11.2745380752778,76.26519554866591,124.97121,34.037325725597455,0.034197670048853816,0.1713641488162345,0.5144682450206689,0.14900413378429161,0.13509958662157084,0.06670424652386321,35.09728631905299,12.991207153325817,0.7173835083535042,81.9,74.4,18.10383130026306,380.9069252104472,-31.208108714768883,-11.518483798852595,-103.4837559994832,18.713402643742956,1.309583524990605,0.555054490792935,0.016910935738444193,6.83812136039083,25.551524004133785,582.9779106538895,0.0014900844001352698,9.0,7.5,8.868333333333334,2019-07-12_11-08-00,Munich East,sunny,11.2745380752778,19.0,23.0
TripA25,1,0.1416572851002018,Summer,12.2097497405556,57.63091525632621,143.09375,44.1474334851923,0.1414710895502819,0.36226563524321487,0.2679952799265766,0.11537957257112888,0.1724137931034483,0.06844106463878327,31.2752757886456,13.878059896420611,0.6658470062299786,74.4,65.2,19.54332157466894,377.40431468467284,-26.908418855382195,-9.915304020765504,-90.05013685200001,17.96096680346139,1.5533958030680477,0.9154320178313885,0.0031467156155762423,10.813760541497311,28.774727344958702,579.1866184738429,0.00013683278017491193,0.0,9.200000000000003,12.71,2019-07-12_10-59-05,Munich East,sunny,12.2097497405556,17.0,33.0
TripA26,0,0.07715073430698267,Summer,18.0322327777778,40.26549931770252,101.03,22.62263433123482,0.044907579704751274,0.7026423520655005,0.07281974941074308,0.18676342885498076,0.17212504652028285,0.06996650539635281,29.51611710705868,8.160033494603647,0.7085466390929628,86.2,78.8,19.427483562833395,388.00584852995905,-10.194972708100732,-3.8559630630753006,-108.82657549999999,22.40776082371914,0.11782036968118098,0.022081627589629078,0.0,11.131981764049128,33.539742587768266,549.1216418558491,0.006084932454391702,9.0,7.400000000000006,26.868333333333332,2019-07-15_13-08-25,Munich East,slightly cloudy,18.0322327777778,22.0,30.0
TripA27,0,0.10766601300704114,Summer,20.4298453947222,36.76453057785554,108.01563,23.848373985068186,0.09807548112971758,0.6474381404648838,0.04528867783054236,0.16320919770057485,0.17740564858785304,0.08582854286428393,28.629182186453384,10.041997474131469,0.7209123005435285,78.5,66.8,21.513760266933268,382.97005850587357,-12.985331630092478,-4.855508083856138,-90.81919081865409,23.770714193951513,0.4640864558860285,0.014296425893526619,0.16760809797550613,5.390686023994002,29.161400217945516,546.0686803164209,0.004024597475603946,61.99711000000002,11.700000000000003,33.34,2019-07-15_13-45-10,Munich East,slightly cloudy,20.4298453947222,25.5,25.0
TripA28,0,0.09537124715606944,Summer,19.5153157319444,40.293150169190184,93.7683,22.853580555567465,0.07025693966506079,0.5615966964900206,0.01938518008717596,0.1462491397109429,0.14217710484055976,0.06503785271851342,29.91867960770819,9.256492532690984,0.6929567413938158,81.9,72.0,18.659684497017665,385.5036181744666,-12.651491796857076,-4.79074854198728,-73.3667384914745,20.86199575820142,0.7604388609772883,0.17022252810277586,0.15238586831842166,7.385001660931406,28.24699741913283,562.1229716632256,0.00559252515893397,27.998640000000023,9.900000000000006,29.058333333333334,2019-07-16_10-31-30,Munich East,sunny,19.5153157319444,20.5,25.0
TripA29,0,0.0897835709484024,Summer,16.3326094575,43.91534684391337,95.15104,23.689987523683836,0.02852875280059746,0.49820761762509336,0.06161314413741598,0.17513069454817026,0.17759522031366692,0.0946975354742345,30.545767394324123,9.580369784167289,0.7242419104251384,70.9,63.1,20.45276180059746,380.38580453323374,-12.928718412247946,-4.7854828877933855,-96.8262984495996,22.205843032860344,0.17444393203883493,0.03375653472740851,0.002987303958177745,7.529925368932038,29.735768401792384,564.054388820015,0.002985488954547493,24.0,7.800000000000004,22.315,2019-07-16_11-10-00,Munich East,sunny,16.3326094575,24.0,29.0
TripA30,0,0.10921139447488443,Summer,7.74644444444444,27.633956006869898,59.07162,14.414462644268923,0.0490911693144411,0.9256476313152998,0.0,0.16852726492056677,0.16816945756404753,0.08107914698726205,28.340363119364536,8.393768364820382,0.6991707403307597,85.5,81.0,20.0,389.0909417961929,-7.170122970516673,-2.7528783731868707,-43.942612574,19.73754043724059,0.0872517124660083,0.0164591383998855,0.0,4.1573140017174754,23.894854438958063,565.1902917897525,0.0016072825128467796,1.9995300000000498,4.5,23.288333333333334,2019-07-19_09-34-23,Munich East,sunny,7.74644444444444,19.0,25.0
TripA31,0,-0.017651419823911028,Summer,15.9760519444444,48.45306402695872,116.16,28.998811865314586,0.03614153327716933,0.4923336141533277,0.146335299073294,0.16655433866891323,0.17059814658803707,0.06882898062342038,32.2155551811289,11.35231339511373,0.6999417444254089,81.0,71.9,20.746353833192924,384.22493091828136,-17.095472620050547,-6.408520815526537,-102.0005151,20.33050547598989,0.558620050547599,0.12889637742207244,0.07051390058972198,6.179498736310026,26.510004212299915,565.5599907329402,0.005148467703990569,20.0,9.099999999999994,19.78166666666667,2019-07-19_09-34-23,Munich East,sunny,15.9760519444444,23.5,26.0
TripA32,1,0.136423412415428,Summer,37.2076897222222,80.10266893912213,151.59,45.70260636940428,0.05866523143164693,0.2357971534505442,0.5687118765697883,0.123191005860543,0.1570984332017701,0.05142925487381892,36.09362516445401,14.614541322808275,0.6805549412017368,86.5,59.5,23.888717856715704,378.4957110393494,-35.867802296376034,-13.231417930211698,-112.69954000000001,29.06001196029183,0.6062008132998444,0.02852529601722282,0.126958497787346,-5.036042339433081,24.02396962085875,589.3053115656022,0.014940002390363017,89.99000000000001,27.0,27.868333333333332,2019-07-22_12-56-55,Munich East,slightly cloudy,37.2076897222222,20.0,27.5
TripB01,1,0.13909125124381957,Winter,38.7918,42.94559131250384,150.84375,28.478524966722865,0.11888800049203518,0.4964634971400455,0.08293868011562827,0.17682514299772434,0.1528999323451627,0.07079156159665416,29.624543448859093,11.548482553970109,0.78740060823364,86.1,57.4,10.747815052893781,378.6607276400763,-19.612629388646287,-7.090755604402849,-134.2659952080864,9.465374919736762,1.1882901054800417,0.9939110646411219,0.013038932283658282,14.190017183098592,23.655392102835354,477.8907736948767,0.0033351014264906185,35.99913000000004,28.699999999999996,54.195,2019-12-07_12-35-00,FTMRoute (2x),cloudy,38.7918,8.5,22.0
TripB02,1,0.14701468878791085,Winter,18.926,42.284887358033885,135.12,27.71516581272063,0.056227890523180044,0.6046670390368026,0.07037795568795382,0.15403711289021288,0.23117979271395767,0.05169738720287966,36.636652392478126,19.50985601688078,0.8705156495538829,81.0,66.2,14.069949109414758,381.58192080928444,-26.49762365791597,-9.85306208550239,-128.61228799999998,7.202610935269658,3.458748836343325,0.9923043505244212,0.0,14.767194811642772,21.96980574691243,476.475171600571,0.21719159401663715,50.55000000000001,14.799999999999997,26.853333333333335,2019-12-07_17-49-35,FTMRoute,"dark, little rainy",18.926,6.5,22.0
TripB03,1,0.16476180165689752,Winter,19.3977,44.21409395973154,152.26,32.02235605949585,0.16328985690768646,0.3748258832468026,0.0995314676459415,0.17082436368241105,0.1506268203115107,0.08933772318602001,29.594747372419906,12.306275167785234,0.8322131821804815,67.4,50.4,10.50797707990376,370.16632455362793,-23.993421552488286,-8.457522514435862,-126.5714736,4.969050272255286,1.739708117006458,0.9612511080157021,0.0,15.081171330885148,20.050221603140432,482.6729815119666,0.005299509247232441,13.0,17.000000000000007,26.321666666666665,2019_12_08_09-38-26,FTMRoute,sunny,19.3977,3.5,22.0
TripB04,0,-0.2730170590468385,Winter,16.5953,20.216400676818953,130.48,33.05408119742159,0.5713705583756346,0.27086294416243656,0.09137055837563451,0.07360406091370558,0.06944162436548224,0.024365482233502538,14.1104372250423,6.054492385786802,0.47261175711449704,45.1,69.2,16.567219289340102,379.7336957698816,17.09361184433164,7.045947894050761,-101.7621,10.13479932318105,0.7060544839255499,0.4331979695431472,0.005143824027072758,11.841535363790186,21.97633468697124,515.5945807106599,0.008080066724418666,102.0,-24.1,49.248333333333335,2019_12_08_13-47-18,Munich North + Fast Charging,cloudy,16.5953,9.0,22.0
TripB05,1,0.15730094466936573,Winter,14.82,52.332462972045114,126.05,43.59428252859903,0.17842079450711132,0.3240804315841099,0.3076017655713585,0.12643452672878863,0.1255517410495341,0.06081412457086807,28.024957332025505,11.236207945071113,0.6152248704261015,71.9,59.5,10.573712604217754,373.12637273173124,-27.211134870034332,-9.92710332710152,-100.6676411,7.52553702795488,2.1982648357037764,0.9985286905345758,0.0,11.423722412947523,18.949259440902406,490.69875429131923,0.00474835721541795,0.0,12.400000000000006,16.99,2019_12_09_07-58-11,Munich North,cloudy,14.82,7.0,22.0
TripB06,1,0.15761158021712912,Winter,16.58,44.14169514089195,125.02,33.87456291574544,0.10487389985947784,0.4705273278603654,0.2218031210709267,0.11826048369203461,0.12735744397603727,0.035204496708823314,30.9488573330375,11.454684564751128,0.5600828856841442,83.2,69.3,12.785869388358849,382.03964647585235,-22.811702536794616,-8.540432605191924,-138.682121,6.4803564825086895,1.8458227941720287,0.9971895569854301,0.0,14.269562902152208,20.7499193846609,499.60110272908804,0.004295472192363368,33.0,13.900000000000006,22.533333333333335,2019_12_09_18-16-14,Munich North,dark,16.58,6.0,22.0
TripB07,0,0.10521533589238805,Winter,30.3758,47.75456351805756,109.93,30.934147462828328,0.10869470282545089,0.3565657888990786,0.18048823092711472,0.11336739595615529,0.11777806891130617,0.04257827852744661,31.372969561989606,12.928948425695445,0.628722496089792,67.4,50.4,6.761412288746233,369.9070907026508,-24.353728110397835,-8.814948802934625,-87.6924433,2.348311279968558,1.9002786147866721,1.0,0.0,19.189091663391416,21.53740294335997,535.0031433687061,0.0063815552635528025,73.0,17.000000000000007,38.163333333333334,2019-12-10_09-35-46,Munich Northeast,slightly cloudy,30.3758,2.5,22.0
TripB08,1,0.1359351046728856,Winter,32.2242,39.810242621825665,112.48,30.47588218366007,0.13366506520247082,0.49008236101578584,0.1493136582017845,0.07844886753603295,0.11932052161976664,0.03318462594371997,29.41071242278655,10.426178792038435,0.4968793236349539,67.3,44.0,8.462974948524366,369.4242439945093,-17.786978037062458,-6.462378513833219,-60.354608,10.169820178448868,1.455589567604667,0.9920384351407001,0.0,11.55327693891558,21.72309711736445,532.3529869595058,0.005944235264389766,76.0,23.299999999999997,48.565000000000005,2019-12-17_07-21-04,Munich Northeast,cloudy,32.2242,3.5,22.0
TripB09,0,0.08327411987265258,Winter,54.1825,34.76832465865745,135.08,43.363080314788455,0.5226016897793305,0.11327581904388435,0.23983102206694948,0.026380521193540337,0.044846886029018575,0.003457987237531639,18.542481016719545,7.225081815265052,0.2946388965089134,70.0,46.0,8.473112188513777,371.5936859648497,24.53280720829917,10.18463126532031,-82.36116,7.1337567288153725,0.6618749777191544,0.49098071370004637,0.004277922355709244,18.058709493422693,25.192466222238068,609.8212295461836,0.007576343349493653,147.0,24.0,93.50166666666668,2020-01-02_13-45-21,Munich South,sunny,54.1825,5.5,22.0
TripB10,1,0.17998666362870538,Winter,47.8391,85.1187391884545,137.32,43.57210415682557,0.06588246923343054,0.22181584540107746,0.6459249740522908,0.11713537290564918,0.11634458557801611,0.012158355162358523,38.11359313991993,18.60656946572431,0.541795298311009,84.8,39.0,7.771752582414867,364.67402609598184,-50.38577423021796,-17.782342564809962,-102.6047368,4.430231305293333,1.563717688924035,0.9341175307665694,0.0,16.415896308011664,20.846127613304997,511.9749636732071,0.02393933163685724,175.99,45.8,33.72,2020-01-03_10-50-36,Highway,slightly cloudy,47.8391,2.5,22.0
TripB11,1,0.1490982434840504,Winter,10.2134,48.80318555880011,123.45,41.11349196817128,0.2138306344571277,0.34921688346164054,0.363020971595434,0.1037961242367932,0.09370852136979028,0.03013007698433767,23.862500663658082,10.292293602336077,0.4659868079053846,38.9,30.8,14.775053092646669,360.34524289885854,-23.78638306344571,-8.383565318794798,-85.46893859999999,5.9190549508893024,1.26140031855588,0.9973453676665782,0.0,18.034603132466156,23.953658083355457,525.8166724183701,0.0030809507630407225,0.0,8.099999999999998,12.555,2020-01-03_11-36-24,Munich South,cloudy,10.2134,4.0,22.0
TripB12,0,0.1121058567674184,Winter,37.0614,41.363288380456346,94.94,29.799240003928173,0.05164930555555555,0.5661582341269841,0.1886470734126984,0.07927207341269842,0.05859375,0.014384920634920634,6.662074342757936,8.121389508928571,0.37984289461675913,73.4,51.3,21.326802455357143,378.7550542534722,-15.258844556051587,-5.724416090159971,-61.9339248,5.938169332837301,0.8028952752976191,0.9422123015873016,0.0,19.99330791170635,25.93147724454365,507.5478199404762,0.01280709167534539,114.99000000000001,22.10000000000001,53.75833333333333,2020-01-03_12-16-10,Highway,cloudy,37.0614,7.5,22.0
TripB13,0,0.12838299248822851,Winter,2.7823,28.26511706629055,72.63,19.652267114981495,0.07221438645980253,0.7435825105782793,0.0,0.19774330042313118,0.17602256699576868,0.09139633286318759,28.45510860366714,9.554823695345556,0.6792017647231702,57.0,55.1,20.0,375.1368293370945,-12.292361071932298,-4.536595252242595,-45.2112786,5.213060648801128,1.4683638928067702,1.0,0.0,17.063342736248238,22.276403385049367,479.458047954866,0.0016559210875241174,1.0,1.8999999999999986,5.906666666666666,2020-01-03_13-23-24,Munich South,cloudy,2.7823,6.0,22.0
TripB14,1,0.15693722150334483,Winter,60.9747,57.43305337519623,138.42,33.978163959474934,0.10918367346938776,0.23035060177917321,0.26138147566718994,0.0999215070643642,0.10800627943485086,0.026164311878597593,28.835608843537415,13.172470695970697,0.5113525560279012,85.5,0.0,8.775497383568812,367.99213317634747,-29.604420198848768,-10.606671341428571,-130.0840092,3.4934583987441132,1.775613814756672,0.9908163265306122,0.0047880690737833595,20.150052851909994,23.643511250654107,547.6840949764521,0.012451688271326766,183.99,85.5,63.69833333333334,2020-01-05_11-08-25,Highway,cloudy,60.9747,3.0,22.0
TripB15,1,0.17198130909128703,Winter,19.2393,38.00769741535422,141.05,28.201764757931823,0.12209844701750536,0.5861274213905504,0.05915601163364978,0.15140207430170663,0.14887779180156946,0.06030840147066893,27.57774844976129,11.684115677989356,0.7069014381196104,85.1,67.5,9.454560171212204,381.34322285024416,-21.498612742139052,-7.953544156697579,-133.89085239999997,2.694477308895352,2.3484678702738297,0.9955001920649729,0.006530209076441859,18.278662679031992,20.973139987927347,485.351665477693,0.004554722664365767,16.0,17.599999999999994,30.37,2020-01-07_10-02-47,FTMRoute,slightly cloudy,19.2393,2.0,22.0
TripB16,1,0.14368380827601268,Winter,19.2339,45.29770836059139,133.47,27.269245786635306,0.07353133586288106,0.5103362553970954,0.09348423393955253,0.18323956561559598,0.17146408478346198,0.07366217453879367,31.52501635483449,11.889093942169305,0.7376957784342023,67.5,52.8,11.98241004841031,372.3578961140913,-21.337915085699333,-7.690892544458982,-132.730022,3.102220332330237,1.4507883030223734,1.0,0.0,21.514517859479263,24.6167381918095,483.34448122465,0.003115532610104558,5.0,14.700000000000003,25.475,2020-01-07_10-33-19,FTMRoute,slightly cloudy,19.2339,3.0,22.0
TripB17,1,0.15237066054302312,Winter,19.2478,44.389672645739914,149.35,29.88421525283756,0.08071748878923767,0.5536194746957078,0.09724535554131966,0.1854580397181294,0.1654708520179372,0.08353619474695707,29.83865086483024,12.084208199871876,0.7839914387397114,52.8,37.2,14.1395400384369,365.3766905829596,-22.175557335041642,-7.816248781652787,-111.25209980000001,3.436521460602178,1.2669404228058936,1.0,0.0,22.1509666880205,25.58748814862268,480.7422210121717,0.005248247824542451,21.0,15.599999999999994,26.015,2020-01-07_10-58-55,FTMRoute,slightly cloudy,19.2478,3.5,22.0
TripB18,1,0.1747609652451054,Winter,15.8136,51.31053177106805,122.31,37.9129412445791,0.1039206849932402,0.4255069851284362,0.30446146913023886,0.10734565119423163,0.12447048219918883,0.016313654799459214,31.82420910319964,13.401849481748535,0.5118173262693312,82.8,68.1,4.6257296079315005,375.2345876520955,-29.412195583596215,-10.80261547615142,-89.2128252,5.050798557908968,2.437778278503831,1.0,0.0,14.621821541234791,19.67262009914376,494.6822983325822,0.005623209460844679,28.0,14.700000000000003,18.490000000000002,2020-01-08_17-43-26,Munich North,cloudy,15.8136,2.5,22.0
TripB19,1,0.1625307454399338,Winter,16.4252,49.64384266644279,130.03,43.76453621899328,0.21853748635714884,0.33355721601880617,0.34245655276635045,0.11997313407774327,0.11451599361934346,0.03954327932163546,28.06733439677609,11.597023759549995,0.6085002481323424,85.8,71.6,7.16743178574427,379.53555033162627,-26.50169591134246,-9.782544945831585,-99.53533440000001,4.315330366887751,2.2685593149189827,0.9816975904625976,0.0,14.825384938292336,19.140715305180084,495.96119049618,0.004240646253117562,0.0,14.200000000000003,19.85,2020-01-09_08-29-07,Munich North,sunrise,16.4252,3.0,22.0
TripB20,1,0.16296704365015066,Winter,12.3436,31.67510799059092,126.4,34.82585470348781,0.2308076128020529,0.5349632903271794,0.15745954807897924,0.1272364388053318,0.139639318554423,0.04661772043623922,23.934554137857294,9.452102787083897,0.5908648548995551,72.7,62.0,11.550796207855157,376.78483997433887,-16.914452206144414,-6.226426073797135,-109.9348347,8.62642169791147,1.5832240359255827,1.0,0.009123957516572814,14.345462969563048,22.971884667474516,496.0228170218832,0.003885792038514308,26.0,10.700000000000003,23.38,2020-01-09_17-21-44,Munich North,dark,12.3436,5.0,22.0
TripB21,1,0.17331346450130083,Winter,15.8372,54.836819274790805,135.36,44.41782383862153,0.1357122246801962,0.37905164951428294,0.34846590362604596,0.12686351832259304,0.1462921996729826,0.05424641723574108,30.66594594594595,12.292629604693662,0.598684848121486,55.7,41.1,7.964138693853996,365.1925747811869,-31.19778205251515,-11.11810123526979,-89.2102608,4.1151957295373665,2.782964316629797,1.0,0.0,15.16016639415216,19.275362123689526,496.46305088006153,0.005893711823256795,3.0,14.600000000000001,17.326666666666664,2020-01-10_08-07-33,Munich North,sunrise,15.8372,1.5,22.0
TripB22,1,0.15497292777379126,Winter,16.8623,50.61654048194781,113.98,35.529827370849745,0.08304844492620696,0.4447594430084216,0.35729175352288833,0.118902693237722,0.11248228133077628,0.03910614525139665,32.107457683648796,13.244477611940297,0.6169986992568292,84.4,70.5,12.187056616359543,380.7529108646711,-25.843990661219042,-9.638051194555157,-130.2629622,8.712983406987409,1.7034862002834987,1.0,0.0,12.568402401400817,21.281385808388226,500.3502809972484,0.01134066427045339,36.0,13.900000000000006,19.986666666666668,2020-01-10_16-42-46,Munich North,sunset,16.8623,7.5,22.0
TripB23,1,0.18694366776975258,Winter,18.7051,60.48560046707985,142.23,48.979648786499936,0.06458277193927962,0.44031258420910807,0.3807599029911075,0.13976466361268303,0.15018413724961827,0.05092966855295069,33.54268121800054,15.984774095032785,0.6838932662351035,72.1,53.5,8.70818018503548,366.828848468517,-37.13516841821612,-13.17613077428366,-91.63444989999999,5.70617443636037,1.9378667025958862,1.0,0.0,14.603167160693435,20.309341597053802,484.39954908829606,0.006528488773097339,13.0,18.599999999999994,18.553333333333335,2020-01-11_12-52-38,Munich North,slightly cloudy,18.7051,5.0,22.0
TripB24,1,0.15910527387061185,Winter,9.3347,34.36082208588957,106.32,31.35688695264444,0.19427402862985685,0.4843558282208589,0.09611451942740286,0.14948875255623723,0.148159509202454,0.0869120654396728,25.557464212678937,10.241894683026585,0.6853445368355062,53.4,45.5,10.308432515337424,367.6570163599182,-17.86768711656442,-6.40207404200409,-85.7378148,5.779307770961145,1.293321063394683,0.9809815950920245,0.0,17.618783231083846,23.398091002044993,471.6949284253579,0.005864466237469979,20.0,7.899999999999999,16.298333333333332,2020-01-11_14-29-56,Munich North,slightly cloudy,9.3347,6.5,22.0
TripB25,1,0.1642857671828368,Winter,13.5033,47.57031509932479,131.89,40.306005145770236,0.13572756629807223,0.44250905176631766,0.2533515999608572,0.1314218612388688,0.1364125648302182,0.05861630296506507,29.505025932087285,12.342914179469616,0.6485890194352624,45.4,33.6,11.801227125941873,359.2526294157941,-25.779710343477834,-8.982729461199725,-119.821068,5.7062696937077995,1.0779215187396027,0.9973578628045797,0.0,18.893817398962717,24.600087092670517,500.11825912515906,0.007441165921678446,49.0,11.799999999999997,17.029999999999998,2020-01-11_14-55-27,Munich North,slightly cloudy,13.5033,5.5,22.0
TripB26,1,0.15604738027364085,Winter,14.6981,65.73048819875777,133.8,44.27623239978882,0.10832298136645963,0.2669565217391304,0.40670807453416147,0.13875776397515527,0.12931677018633542,0.04459627329192547,33.24038385093168,14.46135403726708,0.6808357389246895,33.4,21.2,13.80905093167702,348.7381913043478,-33.626814906832294,-11.409708248720497,-102.32958900000001,5.700489440993789,1.1985739130434783,1.0,0.0,17.722524223602484,23.423013664596276,491.6955391304348,0.005429960380580917,1.0,12.2,13.415,2020-01-11_15-24-57,Munich North,slightly cloudy,14.6981,5.5,22.0
TripB27,1,0.17984538038816078,Winter,19.2343,47.136447923757665,133.83,28.942830151637125,0.10857726344452008,0.4255275697753574,0.10735194009530293,0.14976174268209666,0.1530292716133424,0.0562287270251872,31.456354663036077,14.093876786929883,0.7739252073560776,52.9,34.5,2.8081130020422056,361.08820966643975,-27.981017699115046,-9.653294893635126,-105.80861379999999,2.6445357385976855,2.1661940095302925,0.9923076923076923,0.0,16.775522804629,19.420058543226688,481.63047787610617,0.004593429365281229,15.0,18.4,24.48166666666667,2020-01-12_11-12-56,FTMRoute,sunny,19.2343,1.0,22.0
TripB28,1,0.15445883494037765,Winter,17.527,46.17428832784486,151.75,31.778501522863536,0.16362971094035858,0.34716428832784485,0.09154774972557629,0.14709110867178923,0.1367727771679473,0.07252103915111599,30.27590559824369,11.8991577021588,0.734466932034666,34.4,20.0,7.298084888401025,351.1294796926454,-24.202984998170507,-8.038246204661544,-105.9633575,3.251854372484449,1.1502890596414197,1.0,0.0,20.757506769118187,24.009361141602632,482.27183900475666,0.00755652550357097,35.0,14.399999999999999,22.773333333333333,2020-01-12_11-37-29,FTMRoute,sunny,17.527,3.5,22.0
TripB29,1,0.19116551088205946,Winter,15.8334,58.84810344827586,151.23,46.800438112731946,0.14856493908734256,0.29651042742102,0.3684699566384472,0.13916993599008878,0.1192442700805286,0.06266776791245096,31.1380869295891,14.29481003510221,0.7522346026866497,31.5,15.4,13.242055544084245,346.7202168077638,-37.04392009085277,-12.491358783006401,-127.4990705,4.793832335329341,1.5056246128432789,0.9874045013421433,0.009911212058641337,17.844737765847615,22.638570101176956,495.6734782159818,0.0053600421019996776,42.0,16.1,16.141666666666666,2020-01-12_12-33-29,Munich North,cloudy,15.8334,3.5,22.0
TripB30,1,0.17458245292922225,Winter,14.8606,58.09356607666413,119.74,39.769862070331484,0.07927027907481811,0.3831034857204908,0.35975675969160603,0.14192637637094146,0.10598327722879791,0.02182647410142252,32.822525789988056,14.216616353567163,0.6076213374866566,84.2,70.4,5.161100010858942,376.21058855467476,-33.160464762732104,-12.260642150993593,-72.8829305,1.088741448582908,3.4330372461722227,0.9990226951894885,0.0,16.34983494407645,17.438576392659357,493.9135411010967,0.004689140874831716,0.0,13.799999999999997,15.346666666666666,2020-01-13_07-53-37,Munich North,sunrise,14.8606,0.0,22.0
TripB31,1,0.17638799585339932,Winter,15.2414,50.02185431671073,114.69,38.36165479766259,0.055975932172486094,0.46850214240131277,0.3416902178867718,0.10629957151973744,0.11651016501048408,0.025982313793417814,33.228606983316624,13.07215425289452,0.5392980345008215,72.1,57.8,7.165127176588568,370.0040924423375,-28.98214604795332,-10.512455713182606,-76.50034699999999,4.28555109855046,2.407808369040022,0.9989971738535873,0.0,14.96414349530495,19.24969459385541,499.3210657306956,0.007972758059077292,25.0,14.299999999999997,18.279999999999998,2020-01-13_17-31-04,Munich North,dark,15.2414,3.5,22.0
TripB32,1,0.19142048606478526,Winter,14.2409,64.42219401859764,148.61,46.613139630499525,0.11058054787635084,0.29517466700175926,0.4339029907011812,0.14639356622266902,0.13696908771048003,0.04963558683086203,32.52244659462176,14.973088715757727,0.6741613426608314,52.6,38.1,5.858156572003016,358.56312515707464,-40.48251947725559,-14.00515831715255,-97.8959124,2.1932583563709476,2.9784003518471978,0.9987434028650415,0.0,14.122205327971852,16.315463684342802,495.9786164865544,0.013894573566376646,24.0,14.5,13.261666666666667,2020-01-14_09-47-42,Munich North,cloudy,14.2409,2.0,22.0
TripB33,1,0.15502950167057666,Winter,7.0335,46.20544525547445,103.74,23.6535526724197,0.02664233576642336,0.5824817518248175,0.060583941605839416,0.19160583941605838,0.1801094890510949,0.09306569343065693,32.22707664233577,12.949994525547446,0.7731960549775486,77.4,71.6,11.829142335766424,384.0415346715328,-23.685114963503647,-8.830831948558394,-105.848797,4.194640510948905,2.4402627737226275,1.0,0.0,15.209667883211678,19.404308394160584,477.271098540146,0.003705212019956342,0.0,5.800000000000011,9.131666666666666,2020-01-14_11-44-28,Munich North,cloudy,7.0335,4.0,22.0
TripB34,0,0.05346049523142887,Winter,9.1432,44.86316707549741,63.81,20.71558323703778,0.09484873262469337,0.25074952303079856,0.0,0.03611338239302262,0.05682747342600163,0.016762060506950123,34.390650040883074,11.304017443445082,0.35951935686396075,73.9,71.3,11.0,382.24421095666395,-18.212342600163534,-6.942194577432542,-35.25541200000001,5.843165712728264,1.908526846552194,0.9995911692559281,0.010902153175252113,12.324051512673753,18.16721722540202,466.7911787953121,0.002740267849106891,6.0,2.6000000000000085,12.228333333333333,2020-01-14_12-55-08,Munich North,cloudy,9.1432,5.5,22.0
TripB35,1,0.16947591654614674,Winter,15.4193,40.73788859533245,125.98,39.289579037680745,0.10487303684133274,0.5477763099955967,0.19117862909144284,0.11727579627183327,0.10898282694848084,0.02957581094965507,27.522986936738587,11.281601350359606,0.5985024109969366,85.4,71.5,12.504814325554088,381.95551519154554,-22.686997651548513,-8.466581209481873,-136.79605650000002,7.618767796858946,1.8292000587112873,0.9958168207837956,0.0,13.475254660208426,21.09402245706737,496.8405900484368,0.004504834015193209,30.0,13.900000000000006,22.708333333333332,2020-01-14_17-59-06,Munich North,dark,15.4193,4.0,22.0
TripB36,0,0.13401241774021921,Winter,38.7188,48.868506117869785,109.54,30.526667751373065,0.1334011148897381,0.3597447673807103,0.1874978087858921,0.10034007642954808,0.09581741051081584,0.046629036216386775,26.915413525926443,11.420527994951442,0.605967408867699,72.1,44.5,7.615538688076289,369.43778108894577,-21.526580654208885,-7.789460427844197,-113.19002160000001,7.201716158889317,1.3707600883497528,0.984047961294394,0.007572835956947025,14.892301651298952,22.09401781018827,548.0533863899309,0.00999912073457114,139.99,27.599999999999994,47.53666666666666,2020-01-15_10-43-44,Munich North,sunny,38.7188,4.0,22.0
TripB37,1,0.17010067229393094,Winter,17.4626,44.35580611020955,106.84,28.627880034145914,0.09101813306992168,0.5447682212657871,0.12841317999012206,0.1395611373738799,0.128130953220913,0.04028787130459324,32.63200239892754,13.453499611938193,0.5980908674930823,83.8,68.0,9.486050941931842,380.44730543992097,-24.905988146475693,-9.315938538277006,-134.40130000000002,-3.2714026670429686,2.8777711140901716,0.9710717561560714,0.0,24.348300994849364,21.076898327806393,579.9973886968179,0.0057583857742487515,23.0,15.799999999999997,23.62,2020-01-21_09-15-20,Munich East,slightly cloudy,17.4626,-3.0,22.0
